{
  "train_loss": [
    2.243087390065193,
    2.086199387907982,
    2.021515282988548,
    1.9739036947488784,
    1.9496958792209624,
    1.939380031824112,
    1.9187938213348388,
    1.9011032730340958,
    1.8963008016347884,
    1.884396380186081,
    1.8479778707027434,
    1.8393633008003234,
    1.8383819729089736,
    1.8354848474264145,
    1.8293586641550064,
    1.823767051100731,
    1.8133599579334259,
    1.8128159314393997,
    1.8220945119857788,
    1.8211728245019914,
    1.822479286789894,
    1.803757119178772,
    1.8202265918254852,
    1.8105833172798156,
    1.8088903158903122,
    1.8227787137031555,
    1.8051414400339127,
    1.809047582745552,
    1.8183951079845428,
    1.8067715853452682
  ],
  "train_acc": [
    16.2,
    22.84,
    25.72,
    28.76,
    29.08,
    29.46,
    29.9,
    30.82,
    31.48,
    31.72,
    32.24,
    33.98,
    33.42,
    32.58,
    33.24,
    32.94,
    33.16,
    33.32,
    33.78,
    33.74,
    34.06,
    35.02,
    34.32,
    33.8,
    33.96,
    33.52,
    33.9,
    33.4,
    33.42,
    34.22
  ],
  "test_loss": [
    2.134347438812256,
    2.0038135165259954,
    1.9520508315828111,
    1.9211489548758856,
    1.889103340724158,
    1.8667735618258279,
    1.858818423180353,
    1.8490839288348244,
    1.835509705165076,
    1.8033092797748627,
    1.799519487789699,
    1.7977949059198772,
    1.7963002901228646,
    1.7948864547033159,
    1.7895675821909829,
    1.7874944418195695,
    1.7838187747531467,
    1.7842644093528626,
    1.7821092889422463,
    1.778803619127425,
    1.7792553996282912,
    1.7789449143031286,
    1.7790908435034374,
    1.7790313637445843,
    1.7784363447673737,
    1.7777297894159954,
    1.7789411809709337,
    1.77820971277025,
    1.7782940353666032,
    1.7782374450138636
  ],
  "test_acc": [
    21.9875,
    25.025,
    28.2,
    30.1375,
    30.7125,
    32.5375,
    32.5,
    32.8875,
    33.375,
    34.2625,
    34.7125,
    34.75,
    34.6875,
    34.7875,
    35.0875,
    35.025,
    35.2875,
    35.1,
    35.3,
    35.35,
    35.3625,
    35.35,
    35.3875,
    35.3625,
    35.3,
    35.3125,
    35.2375,
    35.325,
    35.3375,
    35.3875
  ]
}