{
  "train_loss": [
    2.1886356304276666,
    1.6890378155798282,
    1.592072106757254,
    1.5359302871632126,
    1.4663301526375536,
    1.3950309393540867,
    1.4200945237897478,
    1.2972978578423553,
    1.2817993658893514,
    1.2117742603679873,
    1.1928797218034852,
    1.1224431170607514,
    1.1591171982153408,
    1.1175176130150848,
    1.1147963742040239,
    1.0423381632229067,
    1.0005985104812767,
    0.9949666587811596,
    0.9453562318154101,
    0.9209640498431224,
    0.869937223083568,
    0.8522931967141494,
    0.8351895741696628,
    0.7863064756933248,
    0.746818593088186,
    0.7330739588107703,
    0.7539929432689019,
    0.6810135290307818,
    0.6463333655078456,
    0.6157132921353826,
    0.6091566552531045,
    0.5796323480471125,
    0.5545027807073774,
    0.5375739903944843,
    0.5250649266647842,
    0.49866494761323027,
    0.5022314483264707,
    0.4913993146059648,
    0.48113234481721556,
    0.48361373622462434
  ],
  "train_acc": [
    25.06,
    34.62,
    39.42,
    41.4,
    44.34,
    47.88,
    47.24,
    52.24,
    53.06,
    54.22,
    55.96,
    58.84,
    57.4,
    59.94,
    60.9,
    61.42,
    63.14,
    62.84,
    65.68,
    65.9,
    68.48,
    68.9,
    69.48,
    70.88,
    73.46,
    73.1,
    73.22,
    75.1,
    76.42,
    77.72,
    78.44,
    79.28,
    80.12,
    80.7,
    81.22,
    81.92,
    82.56,
    82.8,
    82.98,
    82.62
  ],
  "test_loss": [
    1.7174844585713887,
    1.6360209939025698,
    1.5662512694086348,
    1.405954082806905,
    1.389563350450425,
    1.8338230223882765,
    1.3286327719688416,
    1.5422030687332153,
    1.5521158221222104,
    1.6394751994382768,
    1.200385603876341,
    1.4361763227553594,
    1.1249026365223385,
    1.465661149649393,
    1.1587820705913363,
    1.1252758900324504,
    1.2370127120188303,
    1.1199650501921063,
    1.1059470510198957,
    1.0583238452672958,
    1.0684881238710313,
    1.1082284635021573,
    1.1133188371147429,
    1.153379032299632,
    1.069914786588578,
    1.0899888156425386,
    1.0781742852358591,
    1.006063808287893,
    1.0192952354749043,
    1.0233751734097798,
    1.0270557701587677,
    1.0113243432272048,
    1.0440844708964938,
    1.0143022955883116,
    0.9984238005819774,
    1.0152515698046911,
    1.0275373678831827,
    1.01038839277767,
    1.0142736094338554,
    1.0092963895627431
  ],
  "test_acc": [
    33.35,
    38.525,
    40.7375,
    46.675,
    46.625,
    40.725,
    51.125,
    44.0875,
    46.375,
    43.4875,
    57.0375,
    49.9375,
    59.4625,
    53.375,
    58.525,
    58.5125,
    56.2625,
    60.1875,
    60.3875,
    61.825,
    62.775,
    62.225,
    61.85,
    61.275,
    63.8,
    63.9125,
    63.75,
    66.1125,
    66.2375,
    66.3625,
    66.5125,
    66.85,
    66.4875,
    67.7375,
    68.075,
    68.075,
    67.7625,
    67.825,
    67.8375,
    67.8875
  ]
}